match_id,date,season_start,matchday,home_team,away_team,home_goals,away_goals,competition
435943,2023-08-11T19:00:00Z,2023-08-11,1,Burnley,Man City,0,3,PL
435944,2023-08-12T12:00:00Z,2023-08-11,1,Arsenal,Nottingham,2,1,PL
435945,2023-08-12T14:00:00Z,2023-08-11,1,Bournemouth,West Ham,1,1,PL
435946,2023-08-12T14:00:00Z,2023-08-11,1,Brighton Hove,Luton Town,4,1,PL
435947,2023-08-12T14:00:00Z,2023-08-11,1,Everton,Fulham,0,1,PL
435948,2023-08-12T14:00:00Z,2023-08-11,1,Sheffield Utd,Crystal Palace,0,1,PL
435949,2023-08-12T16:30:00Z,2023-08-11,1,Newcastle,Aston Villa,5,1,PL
435950,2023-08-13T13:00:00Z,2023-08-11,1,Brentford,Tottenham,2,2,PL
435951,2023-08-13T15:30:00Z,2023-08-11,1,Chelsea,Liverpool,1,1,PL
435952,2023-08-14T19:00:00Z,2023-08-11,1,Man United,Wolverhampton,1,0,PL
435959,2023-08-18T18:45:00Z,2023-08-11,2,Nottingham,Sheffield Utd,2,1,PL
435955,2023-08-19T14:00:00Z,2023-08-11,2,Fulham,Brentford,0,3,PL
435956,2023-08-19T14:00:00Z,2023-08-11,2,Liverpool,Bournemouth,3,1,PL
435962,2023-08-19T14:00:00Z,2023-08-11,2,Wolverhampton,Brighton Hove,1,4,PL
435960,2023-08-19T16:30:00Z,2023-08-11,2,Tottenham,Man United,2,0,PL
435958,2023-08-19T19:00:00Z,2023-08-11,2,Man City,Newcastle,1,0,PL
435953,2023-08-20T13:00:00Z,2023-08-11,2,Aston Villa,Everton,4,0,PL
435961,2023-08-20T15:30:00Z,2023-08-11,2,West Ham,Chelsea,3,1,PL
435954,2023-08-21T19:00:00Z,2023-08-11,2,Crystal Palace,Arsenal,0,1,PL
435968,2023-08-25T19:00:00Z,2023-08-11,3,Chelsea,Luton Town,3,0,PL
435963,2023-08-26T11:30:00Z,2023-08-11,3,Bournemouth,Tottenham,0,2,PL
435969,2023-08-26T14:00:00Z,2023-08-11,3,Everton,Wolverhampton,0,1,PL
435970,2023-08-26T14:00:00Z,2023-08-11,3,Man United,Nottingham,3,2,PL
435964,2023-08-26T14:00:00Z,2023-08-11,3,Arsenal,Fulham,2,2,PL
435965,2023-08-26T14:00:00Z,2023-08-11,3,Brentford,Crystal Palace,1,1,PL
435966,2023-08-26T16:30:00Z,2023-08-11,3,Brighton Hove,West Ham,1,3,PL
435972,2023-08-27T13:00:00Z,2023-08-11,3,Sheffield Utd,Man City,1,2,PL
435967,2023-08-27T13:00:00Z,2023-08-11,3,Burnley,Aston Villa,1,3,PL
435971,2023-08-27T15:30:00Z,2023-08-11,3,Newcastle,Liverpool,1,2,PL
435980,2023-09-01T19:00:00Z,2023-08-11,4,Luton Town,West Ham,1,2,PL
435982,2023-09-02T11:30:00Z,2023-08-11,4,Sheffield Utd,Everton,2,2,PL
435974,2023-09-02T14:00:00Z,2023-08-11,4,Brentford,Bournemouth,2,2,PL
435976,2023-09-02T14:00:00Z,2023-08-11,4,Burnley,Tottenham,2,5,PL
435977,2023-09-02T14:00:00Z,2023-08-11,4,Chelsea,Nottingham,0,1,PL
435981,2023-09-02T14:00:00Z,2023-08-11,4,Man City,Fulham,5,1,PL
435975,2023-09-02T16:30:00Z,2023-08-11,4,Brighton Hove,Newcastle,3,1,PL
435978,2023-09-03T13:00:00Z,2023-08-11,4,Crystal Palace,Wolverhampton,3,2,PL
435979,2023-09-03T13:00:00Z,2023-08-11,4,Liverpool,Aston Villa,3,0,PL
435973,2023-09-03T15:30:00Z,2023-08-11,4,Arsenal,Man United,3,1,PL
435992,2023-09-16T11:30:00Z,2023-08-11,5,Wolverhampton,Liverpool,1,3,PL
435984,2023-09-16T14:00:00Z,2023-08-11,5,Aston Villa,Crystal Palace,3,1,PL
435986,2023-09-16T14:00:00Z,2023-08-11,5,Fulham,Luton Town,1,0,PL
435987,2023-09-16T14:00:00Z,2023-08-11,5,Man United,Brighton Hove,1,3,PL
435990,2023-09-16T14:00:00Z,2023-08-11,5,Tottenham,Sheffield Utd,2,1,PL
435991,2023-09-16T14:00:00Z,2023-08-11,5,West Ham,Man City,1,3,PL
435988,2023-09-16T16:30:00Z,2023-08-11,5,Newcastle,Brentford,1,0,PL
435983,2023-09-17T13:00:00Z,2023-08-11,5,Bournemouth,Chelsea,0,0,PL
435985,2023-09-17T15:30:00Z,2023-08-11,5,Everton,Arsenal,0,1,PL
435989,2023-09-18T18:45:00Z,2023-08-11,5,Nottingham,Burnley,1,1,PL
435998,2023-09-23T14:00:00Z,2023-08-11,6,Crystal Palace,Fulham,0,0,PL
436000,2023-09-23T14:00:00Z,2023-08-11,6,Luton Town,Wolverhampton,1,1,PL
436001,2023-09-23T14:00:00Z,2023-08-11,6,Man City,Nottingham,2,0,PL
435994,2023-09-23T16:30:00Z,2023-08-11,6,Brentford,Everton,1,3,PL
435996,2023-09-23T19:00:00Z,2023-08-11,6,Burnley,Man United,0,1,PL
435993,2023-09-24T13:00:00Z,2023-08-11,6,Arsenal,Tottenham,2,2,PL
435995,2023-09-24T13:00:00Z,2023-08-11,6,Brighton Hove,Bournemouth,3,1,PL
435997,2023-09-24T13:00:00Z,2023-08-11,6,Chelsea,Aston Villa,0,1,PL
435999,2023-09-24T13:00:00Z,2023-08-11,6,Liverpool,West Ham,3,1,PL
436002,2023-09-24T15:30:00Z,2023-08-11,6,Sheffield Utd,Newcastle,0,8,PL
436004,2023-09-30T11:30:00Z,2023-08-11,7,Aston Villa,Brighton Hove,6,1,PL
436003,2023-09-30T14:00:00Z,2023-08-11,7,Bournemouth,Arsenal,0,4,PL
436005,2023-09-30T14:00:00Z,2023-08-11,7,Everton,Luton Town,1,2,PL
436007,2023-09-30T14:00:00Z,2023-08-11,7,Man United,Crystal Palace,0,1,PL
436008,2023-09-30T14:00:00Z,2023-08-11,7,Newcastle,Burnley,2,0,PL
436011,2023-09-30T14:00:00Z,2023-08-11,7,West Ham,Sheffield Utd,2,0,PL
436012,2023-09-30T14:00:00Z,2023-08-11,7,Wolverhampton,Man City,2,1,PL
436010,2023-09-30T16:30:00Z,2023-08-11,7,Tottenham,Liverpool,2,1,PL
436009,2023-10-01T13:00:00Z,2023-08-11,7,Nottingham,Brentford,1,1,PL
436006,2023-10-02T19:00:00Z,2023-08-11,7,Fulham,Chelsea,0,2,PL
435957,2023-10-03T18:30:00Z,2023-08-11,2,Luton Town,Burnley,1,2,PL
436019,2023-10-07T11:30:00Z,2023-08-11,8,Luton Town,Tottenham,0,1,PL
436015,2023-10-07T14:00:00Z,2023-08-11,8,Burnley,Chelsea,1,4,PL
436017,2023-10-07T14:00:00Z,2023-08-11,8,Everton,Bournemouth,3,0,PL
436018,2023-10-07T14:00:00Z,2023-08-11,8,Fulham,Sheffield Utd,3,1,PL
436020,2023-10-07T14:00:00Z,2023-08-11,8,Man United,Brentford,2,1,PL
436016,2023-10-07T16:30:00Z,2023-08-11,8,Crystal Palace,Nottingham,0,0,PL
436014,2023-10-08T13:00:00Z,2023-08-11,8,Brighton Hove,Liverpool,2,2,PL
436021,2023-10-08T13:00:00Z,2023-08-11,8,West Ham,Newcastle,2,2,PL
436022,2023-10-08T13:00:00Z,2023-08-11,8,Wolverhampton,Aston Villa,1,1,PL
436013,2023-10-08T15:30:00Z,2023-08-11,8,Arsenal,Man City,1,0,PL
436027,2023-10-21T11:30:00Z,2023-08-11,9,Liverpool,Everton,2,0,PL
436023,2023-10-21T14:00:00Z,2023-08-11,9,Bournemouth,Wolverhampton,1,2,PL
436025,2023-10-21T14:00:00Z,2023-08-11,9,Brentford,Burnley,3,0,PL
436028,2023-10-21T14:00:00Z,2023-08-11,9,Man City,Brighton Hove,2,1,PL
436029,2023-10-21T14:00:00Z,2023-08-11,9,Newcastle,Crystal Palace,4,0,PL
436030,2023-10-21T14:00:00Z,2023-08-11,9,Nottingham,Luton Town,2,2,PL
436026,2023-10-21T16:30:00Z,2023-08-11,9,Chelsea,Arsenal,2,2,PL
436031,2023-10-21T19:00:00Z,2023-08-11,9,Sheffield Utd,Man United,1,2,PL
436024,2023-10-22T15:30:00Z,2023-08-11,9,Aston Villa,West Ham,4,1,PL
436032,2023-10-23T19:00:00Z,2023-08-11,9,Tottenham,Fulham,2,0,PL
436038,2023-10-27T19:00:00Z,2023-08-11,10,Crystal Palace,Tottenham,1,2,PL
436037,2023-10-28T11:30:00Z,2023-08-11,10,Chelsea,Brentford,0,2,PL
436033,2023-10-28T14:00:00Z,2023-08-11,10,Bournemouth,Burnley,2,1,PL
436034,2023-10-28T14:00:00Z,2023-08-11,10,Arsenal,Sheffield Utd,5,0,PL
436042,2023-10-28T16:30:00Z,2023-08-11,10,Wolverhampton,Newcastle,2,2,PL
436041,2023-10-29T13:00:00Z,2023-08-11,10,West Ham,Everton,0,1,PL
436035,2023-10-29T14:00:00Z,2023-08-11,10,Aston Villa,Luton Town,3,1,PL
436036,2023-10-29T14:00:00Z,2023-08-11,10,Brighton Hove,Fulham,1,1,PL
436039,2023-10-29T14:00:00Z,2023-08-11,10,Liverpool,Nottingham,3,0,PL
436040,2023-10-29T15:30:00Z,2023-08-11,10,Man United,Man City,0,3,PL
436046,2023-11-04T12:30:00Z,2023-08-11,11,Fulham,Man United,0,1,PL
436043,2023-11-04T15:00:00Z,2023-08-11,11,Brentford,West Ham,3,2,PL
436044,2023-11-04T15:00:00Z,2023-08-11,11,Burnley,Crystal Palace,0,2,PL
436045,2023-11-04T15:00:00Z,2023-08-11,11,Everton,Brighton Hove,1,1,PL
436048,2023-11-04T15:00:00Z,2023-08-11,11,Man City,Bournemouth,6,1,PL
436051,2023-11-04T15:00:00Z,2023-08-11,11,Sheffield Utd,Wolverhampton,2,1,PL
436049,2023-11-04T17:30:00Z,2023-08-11,11,Newcastle,Arsenal,1,0,PL
436050,2023-11-05T14:00:00Z,2023-08-11,11,Nottingham,Aston Villa,2,0,PL
436047,2023-11-05T16:30:00Z,2023-08-11,11,Luton Town,Liverpool,1,1,PL
436052,2023-11-06T20:00:00Z,2023-08-11,11,Tottenham,Chelsea,1,4,PL
436062,2023-11-11T12:30:00Z,2023-08-11,12,Wolverhampton,Tottenham,2,1,PL
436054,2023-11-11T15:00:00Z,2023-08-11,12,Arsenal,Burnley,3,1,PL
436058,2023-11-11T15:00:00Z,2023-08-11,12,Crystal Palace,Everton,2,3,PL
436060,2023-11-11T15:00:00Z,2023-08-11,12,Man United,Luton Town,1,0,PL
436053,2023-11-11T17:30:00Z,2023-08-11,12,Bournemouth,Newcastle,2,0,PL
436055,2023-11-12T14:00:00Z,2023-08-11,12,Aston Villa,Fulham,3,1,PL
436056,2023-11-12T14:00:00Z,2023-08-11,12,Brighton Hove,Sheffield Utd,1,1,PL
436059,2023-11-12T14:00:00Z,2023-08-11,12,Liverpool,Brentford,3,0,PL
436061,2023-11-12T14:00:00Z,2023-08-11,12,West Ham,Nottingham,3,2,PL
436057,2023-11-12T16:30:00Z,2023-08-11,12,Chelsea,Man City,4,4,PL
436068,2023-11-25T12:30:00Z,2023-08-11,13,Man City,Liverpool,1,1,PL
436064,2023-11-25T15:00:00Z,2023-08-11,13,Burnley,West Ham,1,2,PL
436067,2023-11-25T15:00:00Z,2023-08-11,13,Luton Town,Crystal Palace,2,1,PL
436069,2023-11-25T15:00:00Z,2023-08-11,13,Newcastle,Chelsea,4,1,PL
436070,2023-11-25T15:00:00Z,2023-08-11,13,Nottingham,Brighton Hove,2,3,PL
436071,2023-11-25T15:00:00Z,2023-08-11,13,Sheffield Utd,Bournemouth,1,3,PL
436063,2023-11-25T17:30:00Z,2023-08-11,13,Brentford,Arsenal,0,1,PL
436072,2023-11-26T14:00:00Z,2023-08-11,13,Tottenham,Aston Villa,1,2,PL
436065,2023-11-26T16:30:00Z,2023-08-11,13,Everton,Man United,0,3,PL
436066,2023-11-27T20:00:00Z,2023-08-11,13,Fulham,Wolverhampton,3,2,PL
436074,2023-12-02T15:00:00Z,2023-08-11,14,Arsenal,Wolverhampton,2,1,PL
436075,2023-12-02T15:00:00Z,2023-08-11,14,Brentford,Luton Town,3,1,PL
436076,2023-12-02T15:00:00Z,2023-08-11,14,Burnley,Sheffield Utd,5,0,PL
436081,2023-12-02T17:30:00Z,2023-08-11,14,Nottingham,Everton,0,1,PL
436080,2023-12-02T20:00:00Z,2023-08-11,14,Newcastle,Man United,1,0,PL
436073,2023-12-03T14:00:00Z,2023-08-11,14,Bournemouth,Aston Villa,2,2,PL
436077,2023-12-03T14:00:00Z,2023-08-11,14,Chelsea,Brighton Hove,3,2,PL
436078,2023-12-03T14:00:00Z,2023-08-11,14,Liverpool,Fulham,4,3,PL
436082,2023-12-03T14:00:00Z,2023-08-11,14,West Ham,Crystal Palace,1,1,PL
436079,2023-12-03T16:30:00Z,2023-08-11,14,Man City,Tottenham,3,3,PL
436090,2023-12-05T19:30:00Z,2023-08-11,15,Wolverhampton,Burnley,1,0,PL
436087,2023-12-05T20:15:00Z,2023-08-11,15,Luton Town,Arsenal,3,4,PL
436084,2023-12-06T19:30:00Z,2023-08-11,15,Brighton Hove,Brentford,2,1,PL
436086,2023-12-06T19:30:00Z,2023-08-11,15,Fulham,Nottingham,5,0,PL
436088,2023-12-06T19:30:00Z,2023-08-11,15,Sheffield Utd,Liverpool,0,2,PL
436091,2023-12-06T19:30:00Z,2023-08-11,15,Crystal Palace,Bournemouth,0,2,PL
436083,2023-12-06T20:15:00Z,2023-08-11,15,Aston Villa,Man City,1,0,PL
436092,2023-12-06T20:15:00Z,2023-08-11,15,Man United,Chelsea,2,1,PL
436085,2023-12-07T19:30:00Z,2023-08-11,15,Everton,Newcastle,3,0,PL
436089,2023-12-07T20:15:00Z,2023-08-11,15,Tottenham,West Ham,1,2,PL
436095,2023-12-09T12:30:00Z,2023-08-11,16,Crystal Palace,Liverpool,1,2,PL
436094,2023-12-09T15:00:00Z,2023-08-11,16,Brighton Hove,Burnley,1,1,PL
436099,2023-12-09T15:00:00Z,2023-08-11,16,Man United,Bournemouth,0,3,PL
436100,2023-12-09T15:00:00Z,2023-08-11,16,Sheffield Utd,Brentford,1,0,PL
436102,2023-12-09T15:00:00Z,2023-08-11,16,Wolverhampton,Nottingham,1,1,PL
436093,2023-12-09T17:30:00Z,2023-08-11,16,Aston Villa,Arsenal,1,0,PL
436096,2023-12-10T14:00:00Z,2023-08-11,16,Everton,Chelsea,2,0,PL
436097,2023-12-10T14:00:00Z,2023-08-11,16,Fulham,West Ham,5,0,PL
436098,2023-12-10T14:00:00Z,2023-08-11,16,Luton Town,Man City,1,2,PL
436101,2023-12-10T16:30:00Z,2023-08-11,16,Tottenham,Newcastle,4,1,PL
436111,2023-12-15T20:00:00Z,2023-08-11,17,Nottingham,Tottenham,0,2,PL
436107,2023-12-16T15:00:00Z,2023-08-11,17,Chelsea,Sheffield Utd,2,0,PL
436109,2023-12-16T15:00:00Z,2023-08-11,17,Man City,Crystal Palace,2,2,PL
436110,2023-12-16T15:00:00Z,2023-08-11,17,Newcastle,Fulham,3,0,PL
436106,2023-12-16T17:30:00Z,2023-08-11,17,Burnley,Everton,0,2,PL
436104,2023-12-17T14:00:00Z,2023-08-11,17,Arsenal,Brighton Hove,2,0,PL
436105,2023-12-17T14:00:00Z,2023-08-11,17,Brentford,Aston Villa,1,2,PL
436112,2023-12-17T14:00:00Z,2023-08-11,17,West Ham,Wolverhampton,3,0,PL
436108,2023-12-17T16:30:00Z,2023-08-11,17,Liverpool,Man United,0,0,PL
436114,2023-12-21T20:00:00Z,2023-08-11,18,Crystal Palace,Brighton Hove,1,1,PL
436113,2023-12-22T20:00:00Z,2023-08-11,18,Aston Villa,Sheffield Utd,1,1,PL
436121,2023-12-23T12:30:00Z,2023-08-11,18,West Ham,Man United,2,0,PL
436115,2023-12-23T15:00:00Z,2023-08-11,18,Fulham,Burnley,0,2,PL
436117,2023-12-23T15:00:00Z,2023-08-11,18,Luton Town,Newcastle,1,0,PL
436119,2023-12-23T15:00:00Z,2023-08-11,18,Nottingham,Bournemouth,2,3,PL
436120,2023-12-23T15:00:00Z,2023-08-11,18,Tottenham,Everton,2,1,PL
436116,2023-12-23T17:30:00Z,2023-08-11,18,Liverpool,Arsenal,1,1,PL
436122,2023-12-24T13:00:00Z,2023-08-11,18,Wolverhampton,Chelsea,2,1,PL
436131,2023-12-26T12:30:00Z,2023-08-11,19,Newcastle,Nottingham,1,3,PL
436123,2023-12-26T15:00:00Z,2023-08-11,19,Bournemouth,Fulham,3,0,PL
436132,2023-12-26T15:00:00Z,2023-08-11,19,Sheffield Utd,Luton Town,2,3,PL
436127,2023-12-26T17:30:00Z,2023-08-11,19,Burnley,Liverpool,0,2,PL
436130,2023-12-26T20:00:00Z,2023-08-11,19,Man United,Aston Villa,3,2,PL
436125,2023-12-27T19:30:00Z,2023-08-11,19,Brentford,Wolverhampton,1,4,PL
436128,2023-12-27T19:30:00Z,2023-08-11,19,Chelsea,Crystal Palace,2,1,PL
436129,2023-12-27T20:15:00Z,2023-08-11,19,Everton,Man City,1,3,PL
436126,2023-12-28T19:30:00Z,2023-08-11,19,Brighton Hove,Tottenham,4,2,PL
436124,2023-12-28T20:15:00Z,2023-08-11,19,Arsenal,West Ham,0,2,PL
436137,2023-12-30T12:30:00Z,2023-08-11,20,Luton Town,Chelsea,2,3,PL
436133,2023-12-30T15:00:00Z,2023-08-11,20,Aston Villa,Burnley,3,2,PL
436134,2023-12-30T15:00:00Z,2023-08-11,20,Crystal Palace,Brentford,3,1,PL
436138,2023-12-30T15:00:00Z,2023-08-11,20,Man City,Sheffield Utd,2,0,PL
436142,2023-12-30T15:00:00Z,2023-08-11,20,Wolverhampton,Everton,3,0,PL
436139,2023-12-30T17:30:00Z,2023-08-11,20,Nottingham,Man United,2,1,PL
436135,2023-12-31T14:00:00Z,2023-08-11,20,Fulham,Arsenal,2,1,PL
436140,2023-12-31T14:00:00Z,2023-08-11,20,Tottenham,Bournemouth,3,1,PL
436136,2024-01-01T20:00:00Z,2023-08-11,20,Liverpool,Newcastle,4,2,PL
436141,2024-01-02T19:30:00Z,2023-08-11,20,West Ham,Brighton Hove,0,0,PL
436147,2024-01-12T19:45:00Z,2023-08-11,21,Burnley,Luton Town,1,1,PL
436148,2024-01-13T12:30:00Z,2023-08-11,21,Chelsea,Fulham,1,0,PL
436151,2024-01-13T17:30:00Z,2023-08-11,21,Newcastle,Man City,2,3,PL
436149,2024-01-14T14:00:00Z,2023-08-11,21,Everton,Aston Villa,0,0,PL
436150,2024-01-14T16:30:00Z,2023-08-11,21,Man United,Tottenham,2,2,PL
436144,2024-01-20T12:30:00Z,2023-08-11,21,Arsenal,Crystal Palace,5,0,PL
436145,2024-01-20T17:30:00Z,2023-08-11,21,Brentford,Nottingham,3,2,PL
436152,2024-01-21T14:00:00Z,2023-08-11,21,Sheffield Utd,West Ham,2,2,PL
436143,2024-01-21T16:30:00Z,2023-08-11,21,Bournemouth,Liverpool,0,4,PL
436146,2024-01-22T19:45:00Z,2023-08-11,21,Brighton Hove,Wolverhampton,0,0,PL
436153,2024-01-30T19:30:00Z,2023-08-11,22,Nottingham,Arsenal,1,2,PL
436155,2024-01-30T19:45:00Z,2023-08-11,22,Luton Town,Brighton Hove,4,0,PL
436156,2024-01-30T19:45:00Z,2023-08-11,22,Fulham,Everton,0,0,PL
436157,2024-01-30T20:00:00Z,2023-08-11,22,Crystal Palace,Sheffield Utd,3,2,PL
436158,2024-01-30T20:15:00Z,2023-08-11,22,Aston Villa,Newcastle,1,3,PL
436159,2024-01-31T19:30:00Z,2023-08-11,22,Tottenham,Brentford,3,2,PL
436161,2024-01-31T19:30:00Z,2023-08-11,22,Man City,Burnley,3,1,PL
436162,2024-01-31T20:15:00Z,2023-08-11,22,Liverpool,Chelsea,4,1,PL
436154,2024-02-01T19:30:00Z,2023-08-11,22,West Ham,Bournemouth,1,1,PL
436160,2024-02-01T20:15:00Z,2023-08-11,22,Wolverhampton,Man United,3,4,PL
436169,2024-02-03T12:30:00Z,2023-08-11,23,Everton,Tottenham,2,2,PL
436166,2024-02-03T15:00:00Z,2023-08-11,23,Brighton Hove,Crystal Palace,4,1,PL
436167,2024-02-03T15:00:00Z,2023-08-11,23,Burnley,Fulham,2,2,PL
436171,2024-02-03T15:00:00Z,2023-08-11,23,Newcastle,Luton Town,4,4,PL
436172,2024-02-03T17:30:00Z,2023-08-11,23,Sheffield Utd,Aston Villa,0,5,PL
436163,2024-02-04T14:00:00Z,2023-08-11,23,Bournemouth,Nottingham,1,1,PL
436168,2024-02-04T14:00:00Z,2023-08-11,23,Chelsea,Wolverhampton,2,4,PL
436170,2024-02-04T14:00:00Z,2023-08-11,23,Man United,West Ham,3,0,PL
436164,2024-02-04T16:30:00Z,2023-08-11,23,Arsenal,Liverpool,3,1,PL
436165,2024-02-05T20:00:00Z,2023-08-11,23,Brentford,Man City,1,3,PL
436178,2024-02-10T12:30:00Z,2023-08-11,24,Man City,Everton,2,0,PL
436175,2024-02-10T15:00:00Z,2023-08-11,24,Fulham,Bournemouth,3,1,PL
436176,2024-02-10T15:00:00Z,2023-08-11,24,Liverpool,Burnley,3,1,PL
436177,2024-02-10T15:00:00Z,2023-08-11,24,Luton Town,Sheffield Utd,1,3,PL
436180,2024-02-10T15:00:00Z,2023-08-11,24,Tottenham,Brighton Hove,2,1,PL
436182,2024-02-10T15:00:00Z,2023-08-11,24,Wolverhampton,Brentford,0,2,PL
436179,2024-02-10T17:30:00Z,2023-08-11,24,Nottingham,Newcastle,2,3,PL
436181,2024-02-11T14:00:00Z,2023-08-11,24,West Ham,Arsenal,0,6,PL
436173,2024-02-11T16:30:00Z,2023-08-11,24,Aston Villa,Man United,1,2,PL
436174,2024-02-12T20:00:00Z,2023-08-11,24,Crystal Palace,Chelsea,1,3,PL
436183,2024-02-17T12:30:00Z,2023-08-11,25,Brentford,Liverpool,1,4,PL
436184,2024-02-17T15:00:00Z,2023-08-11,25,Burnley,Arsenal,0,5,PL
436186,2024-02-17T15:00:00Z,2023-08-11,25,Fulham,Aston Villa,1,2,PL
436189,2024-02-17T15:00:00Z,2023-08-11,25,Newcastle,Bournemouth,2,2,PL
436190,2024-02-17T15:00:00Z,2023-08-11,25,Nottingham,West Ham,2,0,PL
436192,2024-02-17T15:00:00Z,2023-08-11,25,Tottenham,Wolverhampton,1,2,PL
436188,2024-02-17T17:30:00Z,2023-08-11,25,Man City,Chelsea,1,1,PL
436191,2024-02-18T14:00:00Z,2023-08-11,25,Sheffield Utd,Brighton Hove,0,5,PL
436187,2024-02-18T16:30:00Z,2023-08-11,25,Luton Town,Man United,1,2,PL
436185,2024-02-19T20:00:00Z,2023-08-11,25,Everton,Crystal Palace,1,1,PL
436118,2024-02-20T19:30:00Z,2023-08-11,18,Man City,Brentford,1,0,PL
436199,2024-02-21T19:30:00Z,2023-08-11,26,Liverpool,Luton Town,4,1,PL
436195,2024-02-24T15:00:00Z,2023-08-11,26,Aston Villa,Nottingham,4,2,PL
436196,2024-02-24T15:00:00Z,2023-08-11,26,Brighton Hove,Everton,1,1,PL
436198,2024-02-24T15:00:00Z,2023-08-11,26,Crystal Palace,Burnley,3,0,PL
436200,2024-02-24T15:00:00Z,2023-08-11,26,Man United,Fulham,1,2,PL
436193,2024-02-24T17:30:00Z,2023-08-11,26,Bournemouth,Man City,0,1,PL
436194,2024-02-24T20:00:00Z,2023-08-11,26,Arsenal,Newcastle,4,1,PL
436202,2024-02-25T13:30:00Z,2023-08-11,26,Wolverhampton,Sheffield Utd,1,0,PL
436201,2024-02-26T20:00:00Z,2023-08-11,26,West Ham,Brentford,4,2,PL
436203,2024-03-02T15:00:00Z,2023-08-11,27,Brentford,Chelsea,2,2,PL
436205,2024-03-02T15:00:00Z,2023-08-11,27,Everton,West Ham,1,3,PL
436206,2024-03-02T15:00:00Z,2023-08-11,27,Fulham,Brighton Hove,3,0,PL
436209,2024-03-02T15:00:00Z,2023-08-11,27,Newcastle,Wolverhampton,3,0,PL
436210,2024-03-02T15:00:00Z,2023-08-11,27,Nottingham,Liverpool,0,1,PL
436212,2024-03-02T15:00:00Z,2023-08-11,27,Tottenham,Crystal Palace,3,1,PL
436207,2024-03-02T17:30:00Z,2023-08-11,27,Luton Town,Aston Villa,2,3,PL
436204,2024-03-03T13:00:00Z,2023-08-11,27,Burnley,Bournemouth,0,2,PL
436208,2024-03-03T15:30:00Z,2023-08-11,27,Man City,Man United,3,1,PL
436211,2024-03-04T20:00:00Z,2023-08-11,27,Sheffield Utd,Arsenal,0,6,PL
436220,2024-03-09T12:30:00Z,2023-08-11,28,Man United,Everton,2,0,PL
436213,2024-03-09T15:00:00Z,2023-08-11,28,Bournemouth,Sheffield Utd,2,2,PL
436218,2024-03-09T15:00:00Z,2023-08-11,28,Crystal Palace,Luton Town,1,1,PL
436222,2024-03-09T15:00:00Z,2023-08-11,28,Wolverhampton,Fulham,2,1,PL
436214,2024-03-09T17:30:00Z,2023-08-11,28,Arsenal,Brentford,2,1,PL
436215,2024-03-10T13:00:00Z,2023-08-11,28,Aston Villa,Tottenham,0,4,PL
436216,2024-03-10T14:00:00Z,2023-08-11,28,Brighton Hove,Nottingham,1,0,PL
436221,2024-03-10T14:00:00Z,2023-08-11,28,West Ham,Burnley,2,2,PL
436219,2024-03-10T15:45:00Z,2023-08-11,28,Liverpool,Man City,1,1,PL
436217,2024-03-11T20:00:00Z,2023-08-11,28,Chelsea,Newcastle,3,2,PL
436103,2024-03-13T19:30:00Z,2023-08-11,17,Bournemouth,Luton Town,4,3,PL
436225,2024-03-16T15:00:00Z,2023-08-11,29,Burnley,Brentford,2,1,PL
436229,2024-03-16T15:00:00Z,2023-08-11,29,Luton Town,Nottingham,1,1,PL
436228,2024-03-16T17:30:00Z,2023-08-11,29,Fulham,Tottenham,3,0,PL
436231,2024-03-17T14:00:00Z,2023-08-11,29,West Ham,Aston Villa,1,1,PL
436239,2024-03-30T12:30:00Z,2023-08-11,30,Newcastle,West Ham,4,3,PL
436233,2024-03-30T15:00:00Z,2023-08-11,30,Bournemouth,Everton,2,1,PL
436236,2024-03-30T15:00:00Z,2023-08-11,30,Chelsea,Burnley,2,2,PL
436240,2024-03-30T15:00:00Z,2023-08-11,30,Nottingham,Crystal Palace,1,1,PL
436241,2024-03-30T15:00:00Z,2023-08-11,30,Sheffield Utd,Fulham,3,3,PL
436242,2024-03-30T15:00:00Z,2023-08-11,30,Tottenham,Luton Town,2,1,PL
436234,2024-03-30T17:30:00Z,2023-08-11,30,Aston Villa,Wolverhampton,2,0,PL
436235,2024-03-30T20:00:00Z,2023-08-11,30,Brentford,Man United,1,1,PL
436237,2024-03-31T13:00:00Z,2023-08-11,30,Liverpool,Brighton Hove,2,1,PL
436238,2024-03-31T15:30:00Z,2023-08-11,30,Man City,Arsenal,0,0,PL
436247,2024-04-02T18:30:00Z,2023-08-11,31,Nottingham,Fulham,3,1,PL
436250,2024-04-02T18:30:00Z,2023-08-11,31,Newcastle,Everton,1,1,PL
436243,2024-04-02T18:45:00Z,2023-08-11,31,Bournemouth,Crystal Palace,1,0,PL
436246,2024-04-02T18:45:00Z,2023-08-11,31,Burnley,Wolverhampton,1,1,PL
436248,2024-04-02T19:15:00Z,2023-08-11,31,West Ham,Tottenham,1,1,PL
436244,2024-04-03T18:30:00Z,2023-08-11,31,Arsenal,Luton Town,2,0,PL
436245,2024-04-03T18:30:00Z,2023-08-11,31,Brentford,Brighton Hove,0,0,PL
436252,2024-04-03T19:15:00Z,2023-08-11,31,Man City,Aston Villa,4,1,PL
436251,2024-04-04T18:30:00Z,2023-08-11,31,Liverpool,Sheffield Utd,3,1,PL
436249,2024-04-04T19:15:00Z,2023-08-11,31,Chelsea,Man United,4,3,PL
436255,2024-04-06T11:30:00Z,2023-08-11,32,Crystal Palace,Man City,2,4,PL
436253,2024-04-06T14:00:00Z,2023-08-11,32,Aston Villa,Brentford,3,3,PL
436256,2024-04-06T14:00:00Z,2023-08-11,32,Everton,Burnley,1,0,PL
436257,2024-04-06T14:00:00Z,2023-08-11,32,Fulham,Newcastle,0,1,PL
436258,2024-04-06T14:00:00Z,2023-08-11,32,Luton Town,Bournemouth,2,1,PL
436262,2024-04-06T14:00:00Z,2023-08-11,32,Wolverhampton,West Ham,1,2,PL
436254,2024-04-06T16:30:00Z,2023-08-11,32,Brighton Hove,Arsenal,0,3,PL
436259,2024-04-07T14:30:00Z,2023-08-11,32,Man United,Liverpool,2,2,PL
436260,2024-04-07T16:30:00Z,2023-08-11,32,Sheffield Utd,Chelsea,2,2,PL
436261,2024-04-07T17:00:00Z,2023-08-11,32,Tottenham,Nottingham,3,1,PL
436270,2024-04-13T11:30:00Z,2023-08-11,33,Newcastle,Tottenham,4,0,PL
436265,2024-04-13T14:00:00Z,2023-08-11,33,Brentford,Sheffield Utd,2,0,PL
436266,2024-04-13T14:00:00Z,2023-08-11,33,Burnley,Brighton Hove,1,1,PL
436269,2024-04-13T14:00:00Z,2023-08-11,33,Man City,Luton Town,5,1,PL
436271,2024-04-13T14:00:00Z,2023-08-11,33,Nottingham,Wolverhampton,2,2,PL
436263,2024-04-13T16:30:00Z,2023-08-11,33,Bournemouth,Man United,2,2,PL
436268,2024-04-14T13:00:00Z,2023-08-11,33,Liverpool,Crystal Palace,0,1,PL
436272,2024-04-14T13:00:00Z,2023-08-11,33,West Ham,Fulham,0,2,PL
436264,2024-04-14T15:30:00Z,2023-08-11,33,Arsenal,Aston Villa,0,2,PL
436267,2024-04-15T19:00:00Z,2023-08-11,33,Chelsea,Everton,6,0,PL
436278,2024-04-20T14:00:00Z,2023-08-11,34,Luton Town,Brentford,1,5,PL
436280,2024-04-20T14:00:00Z,2023-08-11,34,Sheffield Utd,Burnley,1,4,PL
436282,2024-04-20T18:30:00Z,2023-08-11,34,Wolverhampton,Arsenal,0,2,PL
436276,2024-04-21T12:30:00Z,2023-08-11,34,Everton,Nottingham,2,0,PL
436273,2024-04-21T14:00:00Z,2023-08-11,34,Aston Villa,Bournemouth,3,1,PL
436275,2024-04-21T14:00:00Z,2023-08-11,34,Crystal Palace,West Ham,5,2,PL
436277,2024-04-21T15:30:00Z,2023-08-11,34,Fulham,Liverpool,1,3,PL
436223,2024-04-23T19:00:00Z,2023-08-11,29,Arsenal,Chelsea,5,0,PL
436232,2024-04-24T18:45:00Z,2023-08-11,29,Wolverhampton,Bournemouth,0,1,PL
436226,2024-04-24T19:00:00Z,2023-08-11,29,Crystal Palace,Newcastle,2,0,PL
436227,2024-04-24T19:00:00Z,2023-08-11,29,Everton,Liverpool,2,0,PL
436230,2024-04-24T19:00:00Z,2023-08-11,29,Man United,Sheffield Utd,4,2,PL
436224,2024-04-25T19:00:00Z,2023-08-11,29,Brighton Hove,Man City,0,4,PL
436291,2024-04-27T11:30:00Z,2023-08-11,35,West Ham,Liverpool,2,2,PL
436286,2024-04-27T14:00:00Z,2023-08-11,35,Fulham,Crystal Palace,1,1,PL
436287,2024-04-27T14:00:00Z,2023-08-11,35,Man United,Burnley,1,1,PL
436288,2024-04-27T14:00:00Z,2023-08-11,35,Newcastle,Sheffield Utd,5,1,PL
436292,2024-04-27T14:00:00Z,2023-08-11,35,Wolverhampton,Luton Town,2,1,PL
436285,2024-04-27T16:30:00Z,2023-08-11,35,Everton,Brentford,1,0,PL
436284,2024-04-27T19:00:00Z,2023-08-11,35,Aston Villa,Chelsea,2,2,PL
436283,2024-04-28T13:00:00Z,2023-08-11,35,Bournemouth,Brighton Hove,3,0,PL
436290,2024-04-28T13:00:00Z,2023-08-11,35,Tottenham,Arsenal,2,3,PL
436289,2024-04-28T15:30:00Z,2023-08-11,35,Nottingham,Man City,0,2,PL
436197,2024-05-02T18:30:00Z,2023-08-11,26,Chelsea,Tottenham,2,0,PL
436300,2024-05-03T19:00:00Z,2023-08-11,36,Luton Town,Everton,1,1,PL
436293,2024-05-04T11:30:00Z,2023-08-11,36,Arsenal,Bournemouth,3,0,PL
436294,2024-05-04T14:00:00Z,2023-08-11,36,Brentford,Fulham,0,0,PL
436296,2024-05-04T14:00:00Z,2023-08-11,36,Burnley,Newcastle,1,4,PL
436302,2024-05-04T14:00:00Z,2023-08-11,36,Sheffield Utd,Nottingham,1,3,PL
436301,2024-05-04T16:30:00Z,2023-08-11,36,Man City,Wolverhampton,5,1,PL
436295,2024-05-05T13:00:00Z,2023-08-11,36,Brighton Hove,Aston Villa,1,0,PL
436297,2024-05-05T13:00:00Z,2023-08-11,36,Chelsea,West Ham,5,0,PL
436299,2024-05-05T15:30:00Z,2023-08-11,36,Liverpool,Tottenham,4,2,PL
436298,2024-05-06T19:00:00Z,2023-08-11,36,Crystal Palace,Man United,4,0,PL
436306,2024-05-11T11:30:00Z,2023-08-11,37,Fulham,Man City,0,4,PL
436303,2024-05-11T14:00:00Z,2023-08-11,37,Bournemouth,Brentford,1,2,PL
436305,2024-05-11T14:00:00Z,2023-08-11,37,Everton,Sheffield Utd,1,0,PL
436308,2024-05-11T14:00:00Z,2023-08-11,37,Newcastle,Brighton Hove,1,1,PL
436310,2024-05-11T14:00:00Z,2023-08-11,37,Tottenham,Burnley,2,1,PL
436311,2024-05-11T14:00:00Z,2023-08-11,37,West Ham,Luton Town,3,1,PL
436312,2024-05-11T14:00:00Z,2023-08-11,37,Wolverhampton,Crystal Palace,1,3,PL
436309,2024-05-11T16:30:00Z,2023-08-11,37,Nottingham,Chelsea,2,3,PL
436307,2024-05-12T15:30:00Z,2023-08-11,37,Man United,Arsenal,0,1,PL
436304,2024-05-13T19:00:00Z,2023-08-11,37,Aston Villa,Liverpool,3,3,PL
436281,2024-05-14T19:00:00Z,2023-08-11,34,Tottenham,Man City,0,2,PL
436274,2024-05-15T18:45:00Z,2023-08-11,34,Brighton Hove,Chelsea,1,2,PL
436279,2024-05-15T19:00:00Z,2023-08-11,34,Man United,Newcastle,3,2,PL
436313,2024-05-19T15:00:00Z,2023-08-11,38,Arsenal,Everton,2,1,PL
436314,2024-05-19T15:00:00Z,2023-08-11,38,Brentford,Newcastle,2,4,PL
436315,2024-05-19T15:00:00Z,2023-08-11,38,Brighton Hove,Man United,0,2,PL
436316,2024-05-19T15:00:00Z,2023-08-11,38,Burnley,Nottingham,1,2,PL
436317,2024-05-19T15:00:00Z,2023-08-11,38,Chelsea,Bournemouth,2,1,PL
436318,2024-05-19T15:00:00Z,2023-08-11,38,Crystal Palace,Aston Villa,5,0,PL
436319,2024-05-19T15:00:00Z,2023-08-11,38,Liverpool,Wolverhampton,2,0,PL
436320,2024-05-19T15:00:00Z,2023-08-11,38,Luton Town,Fulham,2,4,PL
436321,2024-05-19T15:00:00Z,2023-08-11,38,Man City,West Ham,3,1,PL
436322,2024-05-19T15:00:00Z,2023-08-11,38,Sheffield Utd,Tottenham,0,3,PL
497410,2024-08-16T19:00:00Z,2024-08-16,1,Man United,Fulham,1,0,PL
497411,2024-08-17T11:30:00Z,2024-08-16,1,Ipswich Town,Liverpool,0,2,PL
497412,2024-08-17T14:00:00Z,2024-08-16,1,Arsenal,Wolverhampton,2,0,PL
497413,2024-08-17T14:00:00Z,2024-08-16,1,Everton,Brighton Hove,0,3,PL
497414,2024-08-17T14:00:00Z,2024-08-16,1,Newcastle,Southampton,1,0,PL
497415,2024-08-17T14:00:00Z,2024-08-16,1,Nottingham,Bournemouth,1,1,PL
497416,2024-08-17T16:30:00Z,2024-08-16,1,West Ham,Aston Villa,1,2,PL
497417,2024-08-18T13:00:00Z,2024-08-16,1,Brentford,Crystal Palace,2,1,PL
497418,2024-08-18T15:30:00Z,2024-08-16,1,Chelsea,Man City,0,2,PL
497419,2024-08-19T19:00:00Z,2024-08-16,1,Leicester City,Tottenham,1,1,PL
497422,2024-08-24T11:30:00Z,2024-08-16,2,Brighton Hove,Man United,2,1,PL
497423,2024-08-24T14:00:00Z,2024-08-16,2,Crystal Palace,West Ham,0,2,PL
497424,2024-08-24T14:00:00Z,2024-08-16,2,Fulham,Leicester City,2,1,PL
497426,2024-08-24T14:00:00Z,2024-08-16,2,Man City,Ipswich Town,4,1,PL
497427,2024-08-24T14:00:00Z,2024-08-16,2,Southampton,Nottingham,0,1,PL
497428,2024-08-24T14:00:00Z,2024-08-16,2,Tottenham,Everton,4,0,PL
497421,2024-08-24T16:30:00Z,2024-08-16,2,Aston Villa,Arsenal,0,2,PL
497420,2024-08-25T13:00:00Z,2024-08-16,2,Bournemouth,Newcastle,1,1,PL
497429,2024-08-25T13:00:00Z,2024-08-16,2,Wolverhampton,Chelsea,2,6,PL
497425,2024-08-25T15:30:00Z,2024-08-16,2,Liverpool,Brentford,2,0,PL
497430,2024-08-31T11:30:00Z,2024-08-16,3,Arsenal,Brighton Hove,1,1,PL
497431,2024-08-31T14:00:00Z,2024-08-16,3,Brentford,Southampton,3,1,PL
497433,2024-08-31T14:00:00Z,2024-08-16,3,Everton,Bournemouth,2,3,PL
497434,2024-08-31T14:00:00Z,2024-08-16,3,Ipswich Town,Fulham,1,1,PL
497435,2024-08-31T14:00:00Z,2024-08-16,3,Leicester City,Aston Villa,1,2,PL
497438,2024-08-31T14:00:00Z,2024-08-16,3,Nottingham,Wolverhampton,1,1,PL
497439,2024-08-31T16:30:00Z,2024-08-16,3,West Ham,Man City,1,3,PL
497432,2024-09-01T12:30:00Z,2024-08-16,3,Chelsea,Crystal Palace,1,1,PL
497437,2024-09-01T12:30:00Z,2024-08-16,3,Newcastle,Tottenham,2,1,PL
497436,2024-09-01T15:00:00Z,2024-08-16,3,Man United,Liverpool,0,3,PL
497447,2024-09-14T11:30:00Z,2024-08-16,4,Southampton,Man United,0,3,PL
497442,2024-09-14T14:00:00Z,2024-08-16,4,Brighton Hove,Ipswich Town,0,0,PL
497443,2024-09-14T14:00:00Z,2024-08-16,4,Crystal Palace,Leicester City,2,2,PL
497444,2024-09-14T14:00:00Z,2024-08-16,4,Fulham,West Ham,1,1,PL
497445,2024-09-14T14:00:00Z,2024-08-16,4,Liverpool,Nottingham,0,1,PL
497446,2024-09-14T14:00:00Z,2024-08-16,4,Man City,Brentford,2,1,PL
497441,2024-09-14T16:30:00Z,2024-08-16,4,Aston Villa,Everton,3,2,PL
497440,2024-09-14T19:00:00Z,2024-08-16,4,Bournemouth,Chelsea,0,1,PL
497448,2024-09-15T13:00:00Z,2024-08-16,4,Tottenham,Arsenal,0,1,PL
497449,2024-09-15T15:30:00Z,2024-08-16,4,Wolverhampton,Newcastle,1,2,PL
497459,2024-09-21T11:30:00Z,2024-08-16,5,West Ham,Chelsea,0,3,PL
497450,2024-09-21T14:00:00Z,2024-08-16,5,Aston Villa,Wolverhampton,3,1,PL
497453,2024-09-21T14:00:00Z,2024-08-16,5,Fulham,Newcastle,3,1,PL
497454,2024-09-21T14:00:00Z,2024-08-16,5,Leicester City,Everton,1,1,PL
497455,2024-09-21T14:00:00Z,2024-08-16,5,Liverpool,Bournemouth,3,0,PL
497457,2024-09-21T14:00:00Z,2024-08-16,5,Southampton,Ipswich Town,1,1,PL
497458,2024-09-21T14:00:00Z,2024-08-16,5,Tottenham,Brentford,3,1,PL
497452,2024-09-21T16:30:00Z,2024-08-16,5,Crystal Palace,Man United,0,0,PL
497451,2024-09-22T13:00:00Z,2024-08-16,5,Brighton Hove,Nottingham,2,2,PL
497456,2024-09-22T15:30:00Z,2024-08-16,5,Man City,Arsenal,2,2,PL
497467,2024-09-28T11:30:00Z,2024-08-16,6,Newcastle,Man City,1,1,PL
497461,2024-09-28T14:00:00Z,2024-08-16,6,Arsenal,Leicester City,4,2,PL
497462,2024-09-28T14:00:00Z,2024-08-16,6,Brentford,West Ham,1,1,PL
497463,2024-09-28T14:00:00Z,2024-08-16,6,Chelsea,Brighton Hove,4,2,PL
497464,2024-09-28T14:00:00Z,2024-08-16,6,Everton,Crystal Palace,2,1,PL
497468,2024-09-28T14:00:00Z,2024-08-16,6,Nottingham,Fulham,0,1,PL
497469,2024-09-28T16:30:00Z,2024-08-16,6,Wolverhampton,Liverpool,1,2,PL
497465,2024-09-29T13:00:00Z,2024-08-16,6,Ipswich Town,Aston Villa,2,2,PL
497466,2024-09-29T15:30:00Z,2024-08-16,6,Man United,Tottenham,0,3,PL
497460,2024-09-30T19:00:00Z,2024-08-16,6,Bournemouth,Southampton,3,1,PL
497475,2024-10-05T11:30:00Z,2024-08-16,7,Crystal Palace,Liverpool,0,1,PL
497470,2024-10-05T14:00:00Z,2024-08-16,7,Arsenal,Southampton,3,1,PL
497472,2024-10-05T14:00:00Z,2024-08-16,7,Brentford,Wolverhampton,5,3,PL
497477,2024-10-05T14:00:00Z,2024-08-16,7,Leicester City,Bournemouth,1,0,PL
497478,2024-10-05T14:00:00Z,2024-08-16,7,Man City,Fulham,3,2,PL
497479,2024-10-05T14:00:00Z,2024-08-16,7,West Ham,Ipswich Town,4,1,PL
497476,2024-10-05T16:30:00Z,2024-08-16,7,Everton,Newcastle,0,0,PL
497471,2024-10-06T13:00:00Z,2024-08-16,7,Aston Villa,Man United,0,0,PL
497474,2024-10-06T13:00:00Z,2024-08-16,7,Chelsea,Nottingham,1,1,PL
497473,2024-10-06T15:30:00Z,2024-08-16,7,Brighton Hove,Tottenham,3,2,PL
497488,2024-10-19T11:30:00Z,2024-08-16,8,Tottenham,West Ham,4,1,PL
497481,2024-10-19T14:00:00Z,2024-08-16,8,Fulham,Aston Villa,1,3,PL
497482,2024-10-19T14:00:00Z,2024-08-16,8,Ipswich Town,Everton,0,2,PL
497484,2024-10-19T14:00:00Z,2024-08-16,8,Man United,Brentford,2,1,PL
497485,2024-10-19T14:00:00Z,2024-08-16,8,Newcastle,Brighton Hove,0,1,PL
497487,2024-10-19T14:00:00Z,2024-08-16,8,Southampton,Leicester City,2,3,PL
497480,2024-10-19T16:30:00Z,2024-08-16,8,Bournemouth,Arsenal,2,0,PL
497489,2024-10-20T13:00:00Z,2024-08-16,8,Wolverhampton,Man City,1,2,PL
497483,2024-10-20T15:30:00Z,2024-08-16,8,Liverpool,Chelsea,2,1,PL
497486,2024-10-21T19:00:00Z,2024-08-16,8,Nottingham,Crystal Palace,1,0,PL
497497,2024-10-25T19:00:00Z,2024-08-16,9,Leicester City,Nottingham,1,3,PL
497491,2024-10-26T14:00:00Z,2024-08-16,9,Aston Villa,Bournemouth,1,1,PL
497492,2024-10-26T14:00:00Z,2024-08-16,9,Brentford,Ipswich Town,4,3,PL
497493,2024-10-26T14:00:00Z,2024-08-16,9,Brighton Hove,Wolverhampton,2,2,PL
497498,2024-10-26T14:00:00Z,2024-08-16,9,Man City,Southampton,1,0,PL
497496,2024-10-26T16:30:00Z,2024-08-16,9,Everton,Fulham,1,1,PL
497494,2024-10-27T14:00:00Z,2024-08-16,9,Chelsea,Newcastle,2,1,PL
497495,2024-10-27T14:00:00Z,2024-08-16,9,Crystal Palace,Tottenham,1,0,PL
497499,2024-10-27T14:00:00Z,2024-08-16,9,West Ham,Man United,2,1,PL
497490,2024-10-27T16:30:00Z,2024-08-16,9,Arsenal,Liverpool,2,2,PL
497505,2024-11-02T12:30:00Z,2024-08-16,10,Newcastle,Arsenal,1,0,PL
497500,2024-11-02T15:00:00Z,2024-08-16,10,Bournemouth,Man City,2,1,PL
497502,2024-11-02T15:00:00Z,2024-08-16,10,Ipswich Town,Leicester City,1,1,PL
497503,2024-11-02T15:00:00Z,2024-08-16,10,Liverpool,Brighton Hove,2,1,PL
497506,2024-11-02T15:00:00Z,2024-08-16,10,Nottingham,West Ham,3,0,PL
497507,2024-11-02T15:00:00Z,2024-08-16,10,Southampton,Everton,1,0,PL
497509,2024-11-02T17:30:00Z,2024-08-16,10,Wolverhampton,Crystal Palace,2,2,PL
497508,2024-11-03T14:00:00Z,2024-08-16,10,Tottenham,Aston Villa,4,1,PL
497504,2024-11-03T16:30:00Z,2024-08-16,10,Man United,Chelsea,1,1,PL
497501,2024-11-04T20:00:00Z,2024-08-16,10,Fulham,Brentford,2,1,PL
497510,2024-11-09T15:00:00Z,2024-08-16,11,Brentford,Bournemouth,3,2,PL
497513,2024-11-09T15:00:00Z,2024-08-16,11,Crystal Palace,Fulham,0,2,PL
497518,2024-11-09T15:00:00Z,2024-08-16,11,West Ham,Everton,0,0,PL
497519,2024-11-09T15:00:00Z,2024-08-16,11,Wolverhampton,Southampton,2,0,PL
497511,2024-11-09T17:30:00Z,2024-08-16,11,Brighton Hove,Man City,2,1,PL
497514,2024-11-09T20:00:00Z,2024-08-16,11,Liverpool,Aston Villa,2,0,PL
497515,2024-11-10T14:00:00Z,2024-08-16,11,Man United,Leicester City,3,0,PL
497516,2024-11-10T14:00:00Z,2024-08-16,11,Nottingham,Newcastle,1,3,PL
497517,2024-11-10T14:00:00Z,2024-08-16,11,Tottenham,Ipswich Town,1,2,PL
497512,2024-11-10T16:30:00Z,2024-08-16,11,Chelsea,Arsenal,1,1,PL
497526,2024-11-23T12:30:00Z,2024-08-16,12,Leicester City,Chelsea,1,2,PL
497520,2024-11-23T15:00:00Z,2024-08-16,12,Bournemouth,Brighton Hove,1,2,PL
497521,2024-11-23T15:00:00Z,2024-08-16,12,Arsenal,Nottingham,3,0,PL
497522,2024-11-23T15:00:00Z,2024-08-16,12,Aston Villa,Crystal Palace,2,2,PL
497523,2024-11-23T15:00:00Z,2024-08-16,12,Everton,Brentford,0,0,PL
497524,2024-11-23T15:00:00Z,2024-08-16,12,Fulham,Wolverhampton,1,4,PL
497527,2024-11-23T17:30:00Z,2024-08-16,12,Man City,Tottenham,0,4,PL
497529,2024-11-24T14:00:00Z,2024-08-16,12,Southampton,Liverpool,2,3,PL
497525,2024-11-24T16:30:00Z,2024-08-16,12,Ipswich Town,Man United,1,1,PL
497528,2024-11-25T20:00:00Z,2024-08-16,12,Newcastle,West Ham,0,2,PL
497531,2024-11-29T20:00:00Z,2024-08-16,13,Brighton Hove,Southampton,1,1,PL
497530,2024-11-30T15:00:00Z,2024-08-16,13,Brentford,Leicester City,4,1,PL
497533,2024-11-30T15:00:00Z,2024-08-16,13,Crystal Palace,Newcastle,1,1,PL
497536,2024-11-30T15:00:00Z,2024-08-16,13,Nottingham,Ipswich Town,1,0,PL
497539,2024-11-30T15:00:00Z,2024-08-16,13,Wolverhampton,Bournemouth,2,4,PL
497538,2024-11-30T17:30:00Z,2024-08-16,13,West Ham,Arsenal,2,5,PL
497532,2024-12-01T13:30:00Z,2024-08-16,13,Chelsea,Aston Villa,3,0,PL
497535,2024-12-01T13:30:00Z,2024-08-16,13,Man United,Everton,4,0,PL
497537,2024-12-01T13:30:00Z,2024-08-16,13,Tottenham,Fulham,1,1,PL
497534,2024-12-01T16:00:00Z,2024-08-16,13,Liverpool,Man City,2,0,PL
497545,2024-12-03T19:30:00Z,2024-08-16,14,Ipswich Town,Crystal Palace,0,1,PL
497546,2024-12-03T20:15:00Z,2024-08-16,14,Leicester City,West Ham,3,1,PL
497543,2024-12-04T19:30:00Z,2024-08-16,14,Everton,Wolverhampton,4,0,PL
497547,2024-12-04T19:30:00Z,2024-08-16,14,Man City,Nottingham,3,0,PL
497548,2024-12-04T19:30:00Z,2024-08-16,14,Newcastle,Liverpool,3,3,PL
497549,2024-12-04T19:30:00Z,2024-08-16,14,Southampton,Chelsea,1,5,PL
497541,2024-12-04T20:15:00Z,2024-08-16,14,Arsenal,Man United,2,0,PL
497542,2024-12-04T20:15:00Z,2024-08-16,14,Aston Villa,Brentford,3,1,PL
497544,2024-12-05T19:30:00Z,2024-08-16,14,Fulham,Brighton Hove,3,1,PL
497540,2024-12-05T20:15:00Z,2024-08-16,14,Bournemouth,Tottenham,1,0,PL
497550,2024-12-07T15:00:00Z,2024-08-16,15,Aston Villa,Southampton,1,0,PL
497551,2024-12-07T15:00:00Z,2024-08-16,15,Brentford,Newcastle,4,2,PL
497552,2024-12-07T15:00:00Z,2024-08-16,15,Crystal Palace,Man City,2,2,PL
497557,2024-12-07T17:30:00Z,2024-08-16,15,Man United,Nottingham,2,3,PL
497554,2024-12-08T14:00:00Z,2024-08-16,15,Fulham,Arsenal,1,1,PL
497555,2024-12-08T14:00:00Z,2024-08-16,15,Ipswich Town,Bournemouth,1,2,PL
497556,2024-12-08T14:00:00Z,2024-08-16,15,Leicester City,Brighton Hove,2,2,PL
497558,2024-12-08T16:30:00Z,2024-08-16,15,Tottenham,Chelsea,3,4,PL
497559,2024-12-09T20:00:00Z,2024-08-16,15,West Ham,Wolverhampton,2,1,PL
497561,2024-12-14T15:00:00Z,2024-08-16,16,Arsenal,Everton,0,0,PL
497564,2024-12-14T15:00:00Z,2024-08-16,16,Liverpool,Fulham,2,2,PL
497566,2024-12-14T15:00:00Z,2024-08-16,16,Newcastle,Leicester City,4,0,PL
497569,2024-12-14T15:00:00Z,2024-08-16,16,Wolverhampton,Ipswich Town,1,2,PL
497567,2024-12-14T17:30:00Z,2024-08-16,16,Nottingham,Aston Villa,2,1,PL
497562,2024-12-15T14:00:00Z,2024-08-16,16,Brighton Hove,Crystal Palace,1,3,PL
497565,2024-12-15T16:30:00Z,2024-08-16,16,Man City,Man United,1,2,PL
497563,2024-12-15T19:00:00Z,2024-08-16,16,Chelsea,Brentford,2,1,PL
497568,2024-12-15T19:00:00Z,2024-08-16,16,Southampton,Tottenham,0,5,PL
497560,2024-12-16T20:00:00Z,2024-08-16,16,Bournemouth,West Ham,1,1,PL
497570,2024-12-21T12:30:00Z,2024-08-16,17,Aston Villa,Man City,2,1,PL
497571,2024-12-21T15:00:00Z,2024-08-16,17,Brentford,Nottingham,0,2,PL
497575,2024-12-21T15:00:00Z,2024-08-16,17,Ipswich Town,Newcastle,0,4,PL
497579,2024-12-21T15:00:00Z,2024-08-16,17,West Ham,Brighton Hove,1,1,PL
497572,2024-12-21T17:30:00Z,2024-08-16,17,Crystal Palace,Arsenal,1,5,PL
497573,2024-12-22T14:00:00Z,2024-08-16,17,Everton,Chelsea,0,0,PL
497574,2024-12-22T14:00:00Z,2024-08-16,17,Fulham,Southampton,0,0,PL
497576,2024-12-22T14:00:00Z,2024-08-16,17,Leicester City,Wolverhampton,0,3,PL
497577,2024-12-22T14:00:00Z,2024-08-16,17,Man United,Bournemouth,0,3,PL
497578,2024-12-22T16:30:00Z,2024-08-16,17,Tottenham,Liverpool,3,6,PL
497585,2024-12-26T12:30:00Z,2024-08-16,18,Man City,Everton,1,1,PL
497580,2024-12-26T15:00:00Z,2024-08-16,18,Bournemouth,Crystal Palace,0,0,PL
497583,2024-12-26T15:00:00Z,2024-08-16,18,Chelsea,Fulham,1,2,PL
497586,2024-12-26T15:00:00Z,2024-08-16,18,Newcastle,Aston Villa,3,0,PL
497587,2024-12-26T15:00:00Z,2024-08-16,18,Nottingham,Tottenham,1,0,PL
497588,2024-12-26T15:00:00Z,2024-08-16,18,Southampton,West Ham,0,1,PL
497589,2024-12-26T17:30:00Z,2024-08-16,18,Wolverhampton,Man United,2,0,PL
497584,2024-12-26T20:00:00Z,2024-08-16,18,Liverpool,Leicester City,3,1,PL
497582,2024-12-27T19:30:00Z,2024-08-16,18,Brighton Hove,Brentford,0,0,PL
497581,2024-12-27T20:15:00Z,2024-08-16,18,Arsenal,Ipswich Town,1,0,PL
497596,2024-12-29T14:30:00Z,2024-08-16,19,Leicester City,Man City,0,2,PL
497592,2024-12-29T15:00:00Z,2024-08-16,19,Crystal Palace,Southampton,2,1,PL
497593,2024-12-29T15:00:00Z,2024-08-16,19,Everton,Nottingham,0,2,PL
497594,2024-12-29T15:00:00Z,2024-08-16,19,Fulham,Bournemouth,2,2,PL
497598,2024-12-29T15:00:00Z,2024-08-16,19,Tottenham,Wolverhampton,2,2,PL
497599,2024-12-29T17:15:00Z,2024-08-16,19,West Ham,Liverpool,0,5,PL
497590,2024-12-30T19:45:00Z,2024-08-16,19,Aston Villa,Brighton Hove,2,2,PL
497595,2024-12-30T19:45:00Z,2024-08-16,19,Ipswich Town,Chelsea,2,0,PL
497597,2024-12-30T20:00:00Z,2024-08-16,19,Man United,Newcastle,0,2,PL
497591,2025-01-01T17:30:00Z,2024-08-16,19,Brentford,Arsenal,1,3,PL
497607,2025-01-04T12:30:00Z,2024-08-16,20,Tottenham,Newcastle,1,2,PL
497601,2025-01-04T15:00:00Z,2024-08-16,20,Southampton,Brentford,0,5,PL
497602,2025-01-04T15:00:00Z,2024-08-16,20,Crystal Palace,Chelsea,1,1,PL
497603,2025-01-04T15:00:00Z,2024-08-16,20,Bournemouth,Everton,1,0,PL
497605,2025-01-04T15:00:00Z,2024-08-16,20,Aston Villa,Leicester City,2,1,PL
497609,2025-01-04T15:00:00Z,2024-08-16,20,Man City,West Ham,4,1,PL
497600,2025-01-04T17:30:00Z,2024-08-16,20,Brighton Hove,Arsenal,1,1,PL
497604,2025-01-05T14:00:00Z,2024-08-16,20,Fulham,Ipswich Town,2,2,PL
497606,2025-01-05T16:30:00Z,2024-08-16,20,Liverpool,Man United,2,2,PL
497608,2025-01-06T20:00:00Z,2024-08-16,20,Wolverhampton,Nottingham,0,3,PL
497613,2025-01-14T19:30:00Z,2024-08-16,21,West Ham,Fulham,3,2,PL
497615,2025-01-14T19:30:00Z,2024-08-16,21,Brentford,Man City,2,2,PL
497617,2025-01-14T19:30:00Z,2024-08-16,21,Chelsea,Bournemouth,2,2,PL
497614,2025-01-14T20:00:00Z,2024-08-16,21,Nottingham,Liverpool,1,1,PL
497610,2025-01-15T19:30:00Z,2024-08-16,21,Everton,Aston Villa,0,1,PL
497612,2025-01-15T19:30:00Z,2024-08-16,21,Leicester City,Crystal Palace,0,2,PL
497619,2025-01-15T19:30:00Z,2024-08-16,21,Newcastle,Wolverhampton,3,0,PL
497616,2025-01-15T20:00:00Z,2024-08-16,21,Arsenal,Tottenham,2,1,PL
497611,2025-01-16T19:30:00Z,2024-08-16,21,Ipswich Town,Brighton Hove,0,2,PL
497618,2025-01-16T20:00:00Z,2024-08-16,21,Man United,Southampton,3,1,PL
497620,2025-01-18T12:30:00Z,2024-08-16,22,Newcastle,Bournemouth,1,4,PL
497623,2025-01-18T15:00:00Z,2024-08-16,22,West Ham,Crystal Palace,0,2,PL
497624,2025-01-18T15:00:00Z,2024-08-16,22,Leicester City,Fulham,0,2,PL
497625,2025-01-18T15:00:00Z,2024-08-16,22,Brentford,Liverpool,0,2,PL
497621,2025-01-18T17:30:00Z,2024-08-16,22,Arsenal,Aston Villa,2,2,PL
497622,2025-01-19T14:00:00Z,2024-08-16,22,Man United,Brighton Hove,1,3,PL
497627,2025-01-19T14:00:00Z,2024-08-16,22,Nottingham,Southampton,3,2,PL
497628,2025-01-19T14:00:00Z,2024-08-16,22,Everton,Tottenham,3,2,PL
497626,2025-01-19T16:30:00Z,2024-08-16,22,Ipswich Town,Man City,0,6,PL
497629,2025-01-20T20:00:00Z,2024-08-16,22,Chelsea,Wolverhampton,3,1,PL
497631,2025-01-25T15:00:00Z,2024-08-16,23,Liverpool,Ipswich Town,4,1,PL
497632,2025-01-25T15:00:00Z,2024-08-16,23,Wolverhampton,Arsenal,0,1,PL
497633,2025-01-25T15:00:00Z,2024-08-16,23,Brighton Hove,Everton,0,1,PL
497634,2025-01-25T15:00:00Z,2024-08-16,23,Southampton,Newcastle,1,3,PL
497635,2025-01-25T15:00:00Z,2024-08-16,23,Bournemouth,Nottingham,5,0,PL
497638,2025-01-25T17:30:00Z,2024-08-16,23,Man City,Chelsea,3,1,PL
497637,2025-01-26T14:00:00Z,2024-08-16,23,Crystal Palace,Brentford,1,2,PL
497639,2025-01-26T14:00:00Z,2024-08-16,23,Tottenham,Leicester City,1,2,PL
497636,2025-01-26T16:30:00Z,2024-08-16,23,Aston Villa,West Ham,1,1,PL
497630,2025-01-26T19:00:00Z,2024-08-16,23,Fulham,Man United,0,1,PL
497641,2025-02-01T12:30:00Z,2024-08-16,24,Nottingham,Brighton Hove,7,0,PL
497643,2025-02-01T15:00:00Z,2024-08-16,24,Newcastle,Fulham,1,2,PL
497644,2025-02-01T15:00:00Z,2024-08-16,24,Everton,Leicester City,4,0,PL
497645,2025-02-01T15:00:00Z,2024-08-16,24,Bournemouth,Liverpool,0,2,PL
497647,2025-02-01T15:00:00Z,2024-08-16,24,Ipswich Town,Southampton,1,2,PL
497640,2025-02-01T17:30:00Z,2024-08-16,24,Wolverhampton,Aston Villa,2,0,PL
497642,2025-02-02T14:00:00Z,2024-08-16,24,Man United,Crystal Palace,0,2,PL
497648,2025-02-02T14:00:00Z,2024-08-16,24,Brentford,Tottenham,0,2,PL
497646,2025-02-02T16:30:00Z,2024-08-16,24,Arsenal,Man City,5,1,PL
497649,2025-02-03T20:00:00Z,2024-08-16,24,Chelsea,West Ham,2,1,PL
497553,2025-02-12T19:30:00Z,2024-08-16,15,Everton,Liverpool,2,2,PL
497653,2025-02-14T20:00:00Z,2024-08-16,25,Brighton Hove,Chelsea,3,0,PL
497651,2025-02-15T12:30:00Z,2024-08-16,25,Leicester City,Arsenal,0,2,PL
497650,2025-02-15T15:00:00Z,2024-08-16,25,Southampton,Bournemouth,1,3,PL
497652,2025-02-15T15:00:00Z,2024-08-16,25,West Ham,Brentford,0,1,PL
497655,2025-02-15T15:00:00Z,2024-08-16,25,Aston Villa,Ipswich Town,1,1,PL
497657,2025-02-15T15:00:00Z,2024-08-16,25,Man City,Newcastle,4,0,PL
497658,2025-02-15T15:00:00Z,2024-08-16,25,Fulham,Nottingham,2,1,PL
497654,2025-02-15T17:30:00Z,2024-08-16,25,Crystal Palace,Everton,1,2,PL
497659,2025-02-16T14:00:00Z,2024-08-16,25,Liverpool,Wolverhampton,2,1,PL
497656,2025-02-16T16:30:00Z,2024-08-16,25,Tottenham,Man United,1,0,PL
497692,2025-02-19T19:30:00Z,2024-08-16,29,Aston Villa,Liverpool,2,2,PL
497660,2025-02-21T20:00:00Z,2024-08-16,26,Leicester City,Brentford,0,4,PL
497665,2025-02-22T12:30:00Z,2024-08-16,26,Everton,Man United,2,2,PL
497666,2025-02-22T15:00:00Z,2024-08-16,26,Ipswich Town,Tottenham,1,4,PL
497667,2025-02-22T15:00:00Z,2024-08-16,26,Fulham,Crystal Palace,0,2,PL
497668,2025-02-22T15:00:00Z,2024-08-16,26,Arsenal,West Ham,0,1,PL
497669,2025-02-22T15:00:00Z,2024-08-16,26,Bournemouth,Wolverhampton,0,1,PL
497661,2025-02-22T15:00:00Z,2024-08-16,26,Southampton,Brighton Hove,0,4,PL
497662,2025-02-22T17:30:00Z,2024-08-16,26,Aston Villa,Chelsea,2,1,PL
497663,2025-02-23T14:00:00Z,2024-08-16,26,Newcastle,Nottingham,4,3,PL
497664,2025-02-23T16:30:00Z,2024-08-16,26,Man City,Liverpool,0,2,PL
497670,2025-02-25T19:30:00Z,2024-08-16,27,Brighton Hove,Bournemouth,2,1,PL
497672,2025-02-25T19:30:00Z,2024-08-16,27,Crystal Palace,Aston Villa,4,1,PL
497674,2025-02-25T19:30:00Z,2024-08-16,27,Wolverhampton,Fulham,1,2,PL
497678,2025-02-25T20:15:00Z,2024-08-16,27,Chelsea,Southampton,4,0,PL
497671,2025-02-26T19:30:00Z,2024-08-16,27,Nottingham,Arsenal,0,0,PL
497673,2025-02-26T19:30:00Z,2024-08-16,27,Brentford,Everton,1,1,PL
497675,2025-02-26T19:30:00Z,2024-08-16,27,Tottenham,Man City,0,1,PL
497677,2025-02-26T19:30:00Z,2024-08-16,27,Man United,Ipswich Town,3,2,PL
497679,2025-02-26T20:15:00Z,2024-08-16,27,Liverpool,Newcastle,2,0,PL
497676,2025-02-27T20:00:00Z,2024-08-16,27,West Ham,Leicester City,2,0,PL
497687,2025-03-08T12:30:00Z,2024-08-16,28,Nottingham,Man City,1,0,PL
497684,2025-03-08T15:00:00Z,2024-08-16,28,Brighton Hove,Fulham,2,1,PL
497685,2025-03-08T15:00:00Z,2024-08-16,28,Crystal Palace,Ipswich Town,1,0,PL
497688,2025-03-08T15:00:00Z,2024-08-16,28,Liverpool,Southampton,3,1,PL
497682,2025-03-08T17:30:00Z,2024-08-16,28,Brentford,Aston Villa,0,1,PL
497683,2025-03-08T20:00:00Z,2024-08-16,28,Wolverhampton,Everton,1,1,PL
497680,2025-03-09T14:00:00Z,2024-08-16,28,Tottenham,Bournemouth,2,2,PL
497689,2025-03-09T14:00:00Z,2024-08-16,28,Chelsea,Leicester City,1,0,PL
497681,2025-03-09T16:30:00Z,2024-08-16,28,Man United,Arsenal,1,1,PL
497686,2025-03-10T20:00:00Z,2024-08-16,28,West Ham,Newcastle,0,1,PL
497693,2025-03-15T15:00:00Z,2024-08-16,29,Everton,West Ham,1,1,PL
497695,2025-03-15T15:00:00Z,2024-08-16,29,Ipswich Town,Nottingham,2,4,PL
497697,2025-03-15T15:00:00Z,2024-08-16,29,Man City,Brighton Hove,2,2,PL
497699,2025-03-15T15:00:00Z,2024-08-16,29,Southampton,Wolverhampton,1,2,PL
497690,2025-03-15T17:30:00Z,2024-08-16,29,Bournemouth,Brentford,1,2,PL
497691,2025-03-16T13:30:00Z,2024-08-16,29,Arsenal,Chelsea,1,0,PL
497694,2025-03-16T13:30:00Z,2024-08-16,29,Fulham,Tottenham,2,0,PL
497696,2025-03-16T19:00:00Z,2024-08-16,29,Leicester City,Man United,0,3,PL
497701,2025-04-01T18:45:00Z,2024-08-16,30,Arsenal,Fulham,2,1,PL
497704,2025-04-01T18:45:00Z,2024-08-16,30,Wolverhampton,West Ham,1,0,PL
497703,2025-04-01T19:00:00Z,2024-08-16,30,Nottingham,Man United,1,0,PL
497700,2025-04-02T18:45:00Z,2024-08-16,30,Bournemouth,Ipswich Town,1,2,PL
497702,2025-04-02T18:45:00Z,2024-08-16,30,Brighton Hove,Aston Villa,0,3,PL
497706,2025-04-02T18:45:00Z,2024-08-16,30,Man City,Leicester City,2,0,PL
497707,2025-04-02T18:45:00Z,2024-08-16,30,Newcastle,Brentford,2,1,PL
497708,2025-04-02T18:45:00Z,2024-08-16,30,Southampton,Crystal Palace,1,1,PL
497709,2025-04-02T19:00:00Z,2024-08-16,30,Liverpool,Everton,1,0,PL
497705,2025-04-03T19:00:00Z,2024-08-16,30,Chelsea,Tottenham,1,0,PL
497713,2025-04-05T11:30:00Z,2024-08-16,31,Everton,Arsenal,1,1,PL
497712,2025-04-05T14:00:00Z,2024-08-16,31,Crystal Palace,Brighton Hove,2,1,PL
497715,2025-04-05T14:00:00Z,2024-08-16,31,Ipswich Town,Wolverhampton,1,2,PL
497719,2025-04-05T14:00:00Z,2024-08-16,31,West Ham,Bournemouth,2,2,PL
497710,2025-04-05T16:30:00Z,2024-08-16,31,Aston Villa,Nottingham,2,1,PL
497711,2025-04-06T13:00:00Z,2024-08-16,31,Brentford,Chelsea,0,0,PL
497714,2025-04-06T13:00:00Z,2024-08-16,31,Fulham,Liverpool,3,2,PL
497718,2025-04-06T13:00:00Z,2024-08-16,31,Tottenham,Southampton,3,1,PL
497717,2025-04-06T15:30:00Z,2024-08-16,31,Man United,Man City,0,0,PL
497716,2025-04-07T19:00:00Z,2024-08-16,31,Leicester City,Newcastle,0,3,PL
497725,2025-04-12T11:30:00Z,2024-08-16,32,Man City,Crystal Palace,5,2,PL
497722,2025-04-12T14:00:00Z,2024-08-16,32,Brighton Hove,Leicester City,2,2,PL
497727,2025-04-12T14:00:00Z,2024-08-16,32,Nottingham,Everton,0,1,PL
497728,2025-04-12T14:00:00Z,2024-08-16,32,Southampton,Aston Villa,0,3,PL
497721,2025-04-12T16:30:00Z,2024-08-16,32,Arsenal,Brentford,1,1,PL
497723,2025-04-13T13:00:00Z,2024-08-16,32,Chelsea,Ipswich Town,2,2,PL
497724,2025-04-13T13:00:00Z,2024-08-16,32,Liverpool,West Ham,2,1,PL
497729,2025-04-13T13:00:00Z,2024-08-16,32,Wolverhampton,Tottenham,4,2,PL
497726,2025-04-13T15:30:00Z,2024-08-16,32,Newcastle,Man United,4,1,PL
497720,2025-04-14T19:00:00Z,2024-08-16,32,Bournemouth,Fulham,1,0,PL
497698,2025-04-16T18:30:00Z,2024-08-16,29,Newcastle,Crystal Palace,5,0,PL
497731,2025-04-19T14:00:00Z,2024-08-16,33,Brentford,Brighton Hove,4,2,PL
497732,2025-04-19T14:00:00Z,2024-08-16,33,Crystal Palace,Bournemouth,0,0,PL
497733,2025-04-19T14:00:00Z,2024-08-16,33,Everton,Man City,0,2,PL
497739,2025-04-19T14:00:00Z,2024-08-16,33,West Ham,Southampton,1,1,PL
497730,2025-04-19T16:30:00Z,2024-08-16,33,Aston Villa,Newcastle,4,1,PL
497734,2025-04-20T13:00:00Z,2024-08-16,33,Fulham,Chelsea,1,2,PL
497735,2025-04-20T13:00:00Z,2024-08-16,33,Ipswich Town,Arsenal,0,4,PL
497737,2025-04-20T13:00:00Z,2024-08-16,33,Man United,Wolverhampton,0,1,PL
497736,2025-04-20T15:30:00Z,2024-08-16,33,Leicester City,Liverpool,0,1,PL
497738,2025-04-21T19:00:00Z,2024-08-16,33,Tottenham,Nottingham,1,2,PL
497745,2025-04-22T19:00:00Z,2024-08-16,34,Man City,Aston Villa,2,1,PL
497741,2025-04-23T19:00:00Z,2024-08-16,34,Arsenal,Crystal Palace,2,2,PL
497743,2025-04-26T11:30:00Z,2024-08-16,34,Chelsea,Everton,1,0,PL
497742,2025-04-26T14:00:00Z,2024-08-16,34,Brighton Hove,West Ham,3,2,PL
497746,2025-04-26T14:00:00Z,2024-08-16,34,Newcastle,Ipswich Town,3,0,PL
497748,2025-04-26T14:00:00Z,2024-08-16,34,Southampton,Fulham,1,2,PL
497749,2025-04-26T14:00:00Z,2024-08-16,34,Wolverhampton,Leicester City,3,0,PL
497740,2025-04-27T13:00:00Z,2024-08-16,34,Bournemouth,Man United,1,1,PL
497744,2025-04-27T15:30:00Z,2024-08-16,34,Liverpool,Tottenham,5,1,PL
497747,2025-05-01T18:30:00Z,2024-08-16,34,Nottingham,Brentford,0,2,PL
497758,2025-05-02T19:00:00Z,2024-08-16,35,Man City,Wolverhampton,1,0,PL
497751,2025-05-03T11:30:00Z,2024-08-16,35,Aston Villa,Fulham,1,0,PL
497756,2025-05-03T14:00:00Z,2024-08-16,35,Everton,Ipswich Town,2,2,PL
497757,2025-05-03T14:00:00Z,2024-08-16,35,Leicester City,Southampton,2,0,PL
497750,2025-05-03T16:30:00Z,2024-08-16,35,Arsenal,Bournemouth,1,2,PL
497752,2025-05-04T13:00:00Z,2024-08-16,35,Brentford,Man United,4,3,PL
497753,2025-05-04T13:00:00Z,2024-08-16,35,Brighton Hove,Newcastle,1,1,PL
497759,2025-05-04T13:00:00Z,2024-08-16,35,West Ham,Tottenham,1,1,PL
497754,2025-05-04T15:30:00Z,2024-08-16,35,Chelsea,Liverpool,3,1,PL
497755,2025-05-05T19:00:00Z,2024-08-16,35,Crystal Palace,Nottingham,1,1,PL
497761,2025-05-10T14:00:00Z,2024-08-16,36,Fulham,Everton,1,3,PL
497762,2025-05-10T14:00:00Z,2024-08-16,36,Ipswich Town,Brentford,0,1,PL
497767,2025-05-10T14:00:00Z,2024-08-16,36,Southampton,Man City,0,0,PL
497769,2025-05-10T14:00:00Z,2024-08-16,36,Wolverhampton,Brighton Hove,0,2,PL
497760,2025-05-10T16:30:00Z,2024-08-16,36,Bournemouth,Aston Villa,0,1,PL
497765,2025-05-11T11:00:00Z,2024-08-16,36,Newcastle,Chelsea,2,0,PL
497764,2025-05-11T13:15:00Z,2024-08-16,36,Man United,West Ham,0,2,PL
497766,2025-05-11T13:15:00Z,2024-08-16,36,Nottingham,Leicester City,2,2,PL
497768,2025-05-11T13:15:00Z,2024-08-16,36,Tottenham,Crystal Palace,0,2,PL
497763,2025-05-11T15:30:00Z,2024-08-16,36,Liverpool,Arsenal,2,2,PL
497771,2025-05-16T18:30:00Z,2024-08-16,37,Aston Villa,Tottenham,2,0,PL
497774,2025-05-16T19:15:00Z,2024-08-16,37,Chelsea,Man United,1,0,PL
497776,2025-05-18T11:00:00Z,2024-08-16,37,Everton,Southampton,2,0,PL
497779,2025-05-18T13:15:00Z,2024-08-16,37,West Ham,Nottingham,1,2,PL
497772,2025-05-18T14:00:00Z,2024-08-16,37,Brentford,Fulham,2,3,PL
497777,2025-05-18T14:00:00Z,2024-08-16,37,Leicester City,Ipswich Town,2,0,PL
497770,2025-05-18T15:30:00Z,2024-08-16,37,Arsenal,Newcastle,1,0,PL
497773,2025-05-19T19:00:00Z,2024-08-16,37,Brighton Hove,Liverpool,3,2,PL
497775,2025-05-20T19:00:00Z,2024-08-16,37,Crystal Palace,Wolverhampton,4,2,PL
497778,2025-05-20T19:00:00Z,2024-08-16,37,Man City,Bournemouth,3,1,PL
497780,2025-05-25T15:00:00Z,2024-08-16,38,Bournemouth,Leicester City,2,0,PL
497781,2025-05-25T15:00:00Z,2024-08-16,38,Fulham,Man City,0,2,PL
497782,2025-05-25T15:00:00Z,2024-08-16,38,Ipswich Town,West Ham,1,3,PL
497783,2025-05-25T15:00:00Z,2024-08-16,38,Liverpool,Crystal Palace,1,1,PL
497784,2025-05-25T15:00:00Z,2024-08-16,38,Man United,Aston Villa,2,0,PL
497785,2025-05-25T15:00:00Z,2024-08-16,38,Newcastle,Everton,0,1,PL
497786,2025-05-25T15:00:00Z,2024-08-16,38,Nottingham,Chelsea,0,1,PL
497787,2025-05-25T15:00:00Z,2024-08-16,38,Southampton,Arsenal,1,2,PL
497788,2025-05-25T15:00:00Z,2024-08-16,38,Tottenham,Brighton Hove,1,4,PL
497789,2025-05-25T15:00:00Z,2024-08-16,38,Wolverhampton,Brentford,1,1,PL
537785,2025-08-15T19:00:00Z,2025-08-15,1,Liverpool,Bournemouth,4,2,PL
537786,2025-08-16T11:30:00Z,2025-08-15,1,Aston Villa,Newcastle,0,0,PL
537787,2025-08-16T14:00:00Z,2025-08-15,1,Brighton Hove,Fulham,1,1,PL
537789,2025-08-16T14:00:00Z,2025-08-15,1,Sunderland,West Ham,3,0,PL
537790,2025-08-16T14:00:00Z,2025-08-15,1,Tottenham,Burnley,3,0,PL
537791,2025-08-16T16:30:00Z,2025-08-15,1,Wolverhampton,Man City,0,4,PL
537788,2025-08-17T13:00:00Z,2025-08-15,1,Nottingham,Brentford,3,1,PL
537792,2025-08-17T13:00:00Z,2025-08-15,1,Chelsea,Crystal Palace,0,0,PL
537793,2025-08-17T15:30:00Z,2025-08-15,1,Man United,Arsenal,0,1,PL
537794,2025-08-18T19:00:00Z,2025-08-15,1,Leeds United,Everton,1,0,PL
537804,2025-08-22T19:00:00Z,2025-08-15,2,West Ham,Chelsea,1,5,PL
537802,2025-08-23T11:30:00Z,2025-08-15,2,Man City,Tottenham,0,2,PL
537795,2025-08-23T14:00:00Z,2025-08-15,2,Bournemouth,Wolverhampton,1,0,PL
537798,2025-08-23T14:00:00Z,2025-08-15,2,Brentford,Aston Villa,1,0,PL
537799,2025-08-23T14:00:00Z,2025-08-15,2,Burnley,Sunderland,2,0,PL
537797,2025-08-23T16:30:00Z,2025-08-15,2,Arsenal,Leeds United,5,0,PL
537796,2025-08-24T13:00:00Z,2025-08-15,2,Crystal Palace,Nottingham,1,1,PL
537800,2025-08-24T13:00:00Z,2025-08-15,2,Everton,Brighton Hove,2,0,PL
537801,2025-08-24T15:30:00Z,2025-08-15,2,Fulham,Man United,1,1,PL
537803,2025-08-25T19:00:00Z,2025-08-15,2,Newcastle,Liverpool,2,3,PL
537808,2025-08-30T11:30:00Z,2025-08-15,3,Chelsea,Fulham,2,0,PL
537805,2025-08-30T14:00:00Z,2025-08-15,3,Sunderland,Brentford,2,1,PL
537811,2025-08-30T14:00:00Z,2025-08-15,3,Man United,Burnley,3,2,PL
537813,2025-08-30T14:00:00Z,2025-08-15,3,Tottenham,Bournemouth,0,1,PL
537814,2025-08-30T14:00:00Z,2025-08-15,3,Wolverhampton,Everton,2,3,PL
537810,2025-08-30T16:30:00Z,2025-08-15,3,Leeds United,Newcastle,0,0,PL
537807,2025-08-31T13:00:00Z,2025-08-15,3,Brighton Hove,Man City,2,1,PL
537812,2025-08-31T13:00:00Z,2025-08-15,3,Nottingham,West Ham,0,3,PL
537809,2025-08-31T15:30:00Z,2025-08-15,3,Liverpool,Arsenal,1,0,PL
537806,2025-08-31T18:00:00Z,2025-08-15,3,Aston Villa,Crystal Palace,0,3,PL
537817,2025-09-13T11:30:00Z,2025-08-15,4,Arsenal,Nottingham,3,0,PL
537815,2025-09-13T14:00:00Z,2025-08-15,4,Bournemouth,Brighton Hove,2,1,PL
537816,2025-09-13T14:00:00Z,2025-08-15,4,Crystal Palace,Sunderland,0,0,PL
537820,2025-09-13T14:00:00Z,2025-08-15,4,Everton,Aston Villa,0,0,PL
537821,2025-09-13T14:00:00Z,2025-08-15,4,Fulham,Leeds United,1,0,PL
537823,2025-09-13T14:00:00Z,2025-08-15,4,Newcastle,Wolverhampton,1,0,PL
537824,2025-09-13T16:30:00Z,2025-08-15,4,West Ham,Tottenham,0,3,PL
537818,2025-09-13T19:00:00Z,2025-08-15,4,Brentford,Chelsea,2,2,PL
537819,2025-09-14T13:00:00Z,2025-08-15,4,Burnley,Liverpool,0,1,PL
537822,2025-09-14T15:30:00Z,2025-08-15,4,Man City,Man United,3,0,PL
537831,2025-09-20T11:30:00Z,2025-08-15,5,Liverpool,Everton,2,1,PL
537827,2025-09-20T14:00:00Z,2025-08-15,5,Brighton Hove,Tottenham,2,2,PL
537829,2025-09-20T14:00:00Z,2025-08-15,5,Burnley,Nottingham,1,1,PL
537833,2025-09-20T14:00:00Z,2025-08-15,5,West Ham,Crystal Palace,1,2,PL
537834,2025-09-20T14:00:00Z,2025-08-15,5,Wolverhampton,Leeds United,1,3,PL
537832,2025-09-20T16:30:00Z,2025-08-15,5,Man United,Chelsea,2,1,PL
537830,2025-09-20T19:00:00Z,2025-08-15,5,Fulham,Brentford,3,1,PL
537825,2025-09-21T13:00:00Z,2025-08-15,5,Bournemouth,Newcastle,0,0,PL
537826,2025-09-21T13:00:00Z,2025-08-15,5,Sunderland,Aston Villa,1,1,PL
537828,2025-09-21T15:30:00Z,2025-08-15,5,Arsenal,Man City,1,1,PL
